"Test","Run","Source","QueryTimeMs","TotalTimeMs"
"People assigned","1","Database","635","702"
"People assigned","1","Redis","12","12"
"People assigned","2","Database","435","479"
"People assigned","2","Redis","24","24"
"People assigned","3","Database","383","438"
"People assigned","3","Redis","3","3"
"People assigned","4","Database","552","622"
"People assigned","4","Redis","4","4"
"People assigned","5","Database","405","460"
"People assigned","5","Redis","3","3"
"Person filter","1","Database","119","182"
"Person filter","1","Redis","1","1"
"Person filter","2","Database","134","286"
"Person filter","2","Redis","1","1"
"Person filter","3","Database","117","161"
"Person filter","3","Redis","1","1"
"Person filter","4","Database","116","162"
"Person filter","4","Redis",,
"Person filter","5","Database",,
"Person filter","5","Redis",,
"Tags assigned","1","Database",,
"Tags assigned","1","Redis",,
"Tags assigned","2","Database",,
"Tags assigned","2","Redis",,
"Tags assigned","3","Database",,
"Tags assigned","3","Redis",,
"Tags assigned","4","Database",,
"Tags assigned","4","Redis",,
"Tags assigned","5","Database",,
"Tags assigned","5","Redis",,
